ID,Pred
2022_1103_1104,0.5
2022_1103_1112,0.5
2022_1103_1116,0.5
2022_1103_1120,0.5
2022_1103_1124,0.5
2022_1103_1129,0.5
2022_1103_1136,0.5
2022_1103_1151,0.5
2022_1103_1159,0.5
2022_1103_1161,0.5
2022_1103_1163,0.5
2022_1103_1166,0.5
2022_1103_1168,0.5
2022_1103_1172,0.5
2022_1103_1174,0.5
2022_1103_1181,0.5
2022_1103_1209,0.5
2022_1103_1211,0.5
2022_1103_1222,0.5
2022_1103_1228,0.5
2022_1103_1231,0.5
2022_1103_1234,0.5
2022_1103_1235,0.5
2022_1103_1240,0.5
2022_1103_1242,0.5
2022_1103_1246,0.5
2022_1103_1255,0.5
2022_1103_1260,0.5
2022_1103_1261,0.5
2022_1103_1266,0.5
2022_1103_1272,0.5
2022_1103_1274,0.5
2022_1103_1276,0.5
2022_1103_1277,0.5
2022_1103_1286,0.5
2022_1103_1293,0.5
2022_1103_1308,0.5
2022_1103_1313,0.5
2022_1103_1314,0.5
2022_1103_1323,0.5
2022_1103_1326,0.5
2022_1103_1344,0.5
2022_1103_1345,0.5
2022_1103_1350,0.5
2022_1103_1353,0.5
2022_1103_1355,0.5
2022_1103_1361,0.5
2022_1103_1362,0.5
2022_1103_1371,0.5
2022_1103_1388,0.5
2022_1103_1389,0.5
2022_1103_1394,0.5
2022_1103_1395,0.5
2022_1103_1397,0.5
2022_1103_1400,0.5
2022_1103_1403,0.5
2022_1103_1411,0.5
2022_1103_1412,0.5
2022_1103_1417,0.5
2022_1103_1425,0.5
2022_1103_1436,0.5
2022_1103_1437,0.5
2022_1103_1439,0.5
2022_1103_1458,0.5
2022_1103_1460,0.5
2022_1103_1461,0.5
2022_1103_1463,0.5
2022_1104_1112,0.5
2022_1104_1116,0.5
2022_1104_1120,0.5
2022_1104_1124,0.5
2022_1104_1129,0.5
2022_1104_1136,0.5
2022_1104_1151,0.5
2022_1104_1159,0.5
2022_1104_1161,0.5
2022_1104_1163,0.5
2022_1104_1166,0.5
2022_1104_1168,0.5
2022_1104_1172,0.5
2022_1104_1174,0.5
2022_1104_1181,0.5
2022_1104_1209,0.5
2022_1104_1211,0.5
2022_1104_1222,0.5
2022_1104_1228,0.5
2022_1104_1231,0.5
2022_1104_1234,0.5
2022_1104_1235,0.5
2022_1104_1240,0.5
2022_1104_1242,0.5
2022_1104_1246,0.5
2022_1104_1255,0.5
2022_1104_1260,0.5
2022_1104_1261,0.5
2022_1104_1266,0.5
2022_1104_1272,0.5
2022_1104_1274,0.5
2022_1104_1276,0.5
2022_1104_1277,0.5
2022_1104_1286,0.5
2022_1104_1293,0.5
2022_1104_1308,0.5
2022_1104_1313,0.5
2022_1104_1314,0.5
2022_1104_1323,0.5
2022_1104_1326,0.5
2022_1104_1344,0.5
2022_1104_1345,0.5
2022_1104_1350,0.5
2022_1104_1353,0.5
2022_1104_1355,0.5
2022_1104_1361,0.5
2022_1104_1362,0.5
2022_1104_1371,0.5
2022_1104_1388,0.5
2022_1104_1389,0.5
2022_1104_1394,0.5
2022_1104_1395,0.5
2022_1104_1397,0.5
2022_1104_1400,0.5
2022_1104_1403,0.5
2022_1104_1411,0.5
2022_1104_1412,0.5
2022_1104_1417,0.5
2022_1104_1425,0.5
2022_1104_1436,0.5
2022_1104_1437,0.5
2022_1104_1439,0.5
2022_1104_1458,0.5
2022_1104_1460,0.5
2022_1104_1461,0.5
2022_1104_1463,0.5
2022_1112_1116,0.5
2022_1112_1120,0.5
2022_1112_1124,0.5
2022_1112_1129,0.5
2022_1112_1136,0.5
2022_1112_1151,0.5
2022_1112_1159,0.5
2022_1112_1161,0.5
2022_1112_1163,0.5
2022_1112_1166,0.5
2022_1112_1168,0.5
2022_1112_1172,0.5
2022_1112_1174,0.5
2022_1112_1181,0.5
2022_1112_1209,0.5
2022_1112_1211,0.5
2022_1112_1222,0.5
2022_1112_1228,0.5
2022_1112_1231,0.5
2022_1112_1234,0.5
2022_1112_1235,0.5
2022_1112_1240,0.5
2022_1112_1242,0.5
2022_1112_1246,0.5
2022_1112_1255,0.5
2022_1112_1260,0.5
2022_1112_1261,0.5
2022_1112_1266,0.5
2022_1112_1272,0.5
2022_1112_1274,0.5
2022_1112_1276,0.5
2022_1112_1277,0.5
2022_1112_1286,0.5
2022_1112_1293,0.5
2022_1112_1308,0.5
2022_1112_1313,0.5
2022_1112_1314,0.5
2022_1112_1323,0.5
2022_1112_1326,0.5
2022_1112_1344,0.5
2022_1112_1345,0.5
2022_1112_1350,0.5
2022_1112_1353,0.5
2022_1112_1355,0.5
2022_1112_1361,0.5
2022_1112_1362,0.5
2022_1112_1371,0.5
2022_1112_1388,0.5
2022_1112_1389,0.5
2022_1112_1394,0.5
2022_1112_1395,0.5
2022_1112_1397,0.5
2022_1112_1400,0.5
2022_1112_1403,0.5
2022_1112_1411,0.5
2022_1112_1412,0.5
2022_1112_1417,0.5
2022_1112_1425,0.5
2022_1112_1436,0.5
2022_1112_1437,0.5
2022_1112_1439,0.5
2022_1112_1458,0.5
2022_1112_1460,0.5
2022_1112_1461,0.5
2022_1112_1463,0.5
2022_1116_1120,0.5
2022_1116_1124,0.5
2022_1116_1129,0.5
2022_1116_1136,0.5
2022_1116_1151,0.5
2022_1116_1159,0.5
2022_1116_1161,0.5
2022_1116_1163,0.5
2022_1116_1166,0.5
2022_1116_1168,0.5
2022_1116_1172,0.5
2022_1116_1174,0.5
2022_1116_1181,0.5
2022_1116_1209,0.5
2022_1116_1211,0.5
2022_1116_1222,0.5
2022_1116_1228,0.5
2022_1116_1231,0.5
2022_1116_1234,0.5
2022_1116_1235,0.5
2022_1116_1240,0.5
2022_1116_1242,0.5
2022_1116_1246,0.5
2022_1116_1255,0.5
2022_1116_1260,0.5
2022_1116_1261,0.5
2022_1116_1266,0.5
2022_1116_1272,0.5
2022_1116_1274,0.5
2022_1116_1276,0.5
2022_1116_1277,0.5
2022_1116_1286,0.5
2022_1116_1293,0.5
2022_1116_1308,0.5
2022_1116_1313,0.5
2022_1116_1314,0.5
2022_1116_1323,0.5
2022_1116_1326,0.5
2022_1116_1344,0.5
2022_1116_1345,0.5
2022_1116_1350,0.5
2022_1116_1353,0.5
2022_1116_1355,0.5
2022_1116_1361,0.5
2022_1116_1362,0.5
2022_1116_1371,0.5
2022_1116_1388,0.5
2022_1116_1389,0.5
2022_1116_1394,0.5
2022_1116_1395,0.5
2022_1116_1397,0.5
2022_1116_1400,0.5
2022_1116_1403,0.5
2022_1116_1411,0.5
2022_1116_1412,0.5
2022_1116_1417,0.5
2022_1116_1425,0.5
2022_1116_1436,0.5
2022_1116_1437,0.5
2022_1116_1439,0.5
2022_1116_1458,0.5
2022_1116_1460,0.5
2022_1116_1461,0.5
2022_1116_1463,0.5
2022_1120_1124,0.5
2022_1120_1129,0.5
2022_1120_1136,0.5
2022_1120_1151,0.5
2022_1120_1159,0.5
2022_1120_1161,0.5
2022_1120_1163,0.5
2022_1120_1166,0.5
2022_1120_1168,0.5
2022_1120_1172,0.5
2022_1120_1174,0.5
2022_1120_1181,0.5
2022_1120_1209,0.5
2022_1120_1211,0.5
2022_1120_1222,0.5
2022_1120_1228,0.5
2022_1120_1231,0.5
2022_1120_1234,0.5
2022_1120_1235,0.5
2022_1120_1240,0.5
2022_1120_1242,0.5
2022_1120_1246,0.5
2022_1120_1255,0.5
2022_1120_1260,0.5
2022_1120_1261,0.5
2022_1120_1266,0.5
2022_1120_1272,0.5
2022_1120_1274,0.5
2022_1120_1276,0.5
2022_1120_1277,0.5
2022_1120_1286,0.5
2022_1120_1293,0.5
2022_1120_1308,0.5
2022_1120_1313,0.5
2022_1120_1314,0.5
2022_1120_1323,0.5
2022_1120_1326,0.5
2022_1120_1344,0.5
2022_1120_1345,0.5
2022_1120_1350,0.5
2022_1120_1353,0.5
2022_1120_1355,0.5
2022_1120_1361,0.5
2022_1120_1362,0.5
2022_1120_1371,0.5
2022_1120_1388,0.5
2022_1120_1389,0.5
2022_1120_1394,0.5
2022_1120_1395,0.5
2022_1120_1397,0.5
2022_1120_1400,0.5
2022_1120_1403,0.5
2022_1120_1411,0.5
2022_1120_1412,0.5
2022_1120_1417,0.5
2022_1120_1425,0.5
2022_1120_1436,0.5
2022_1120_1437,0.5
2022_1120_1439,0.5
2022_1120_1458,0.5
2022_1120_1460,0.5
2022_1120_1461,0.5
2022_1120_1463,0.5
2022_1124_1129,0.5
2022_1124_1136,0.5
2022_1124_1151,0.5
2022_1124_1159,0.5
2022_1124_1161,0.5
2022_1124_1163,0.5
2022_1124_1166,0.5
2022_1124_1168,0.5
2022_1124_1172,0.5
2022_1124_1174,0.5
2022_1124_1181,0.5
2022_1124_1209,0.5
2022_1124_1211,0.5
2022_1124_1222,0.5
2022_1124_1228,0.5
2022_1124_1231,0.5
2022_1124_1234,0.5
2022_1124_1235,0.5
2022_1124_1240,0.5
2022_1124_1242,0.5
2022_1124_1246,0.5
2022_1124_1255,0.5
2022_1124_1260,0.5
2022_1124_1261,0.5
2022_1124_1266,0.5
2022_1124_1272,0.5
2022_1124_1274,0.5
2022_1124_1276,0.5
2022_1124_1277,0.5
2022_1124_1286,0.5
2022_1124_1293,0.5
2022_1124_1308,0.5
2022_1124_1313,0.5
2022_1124_1314,0.5
2022_1124_1323,0.5
2022_1124_1326,0.5
2022_1124_1344,0.5
2022_1124_1345,0.5
2022_1124_1350,0.5
2022_1124_1353,0.5
2022_1124_1355,0.5
2022_1124_1361,0.5
2022_1124_1362,0.5
2022_1124_1371,0.5
2022_1124_1388,0.5
2022_1124_1389,0.5
2022_1124_1394,0.5
2022_1124_1395,0.5
2022_1124_1397,0.5
2022_1124_1400,0.5
2022_1124_1403,0.5
2022_1124_1411,0.5
2022_1124_1412,0.5
2022_1124_1417,0.5
2022_1124_1425,0.5
2022_1124_1436,0.5
2022_1124_1437,0.5
2022_1124_1439,0.5
2022_1124_1458,0.5
2022_1124_1460,0.5
2022_1124_1461,0.5
2022_1124_1463,0.5
2022_1129_1136,0.5
2022_1129_1151,0.5
2022_1129_1159,0.5
2022_1129_1161,0.5
2022_1129_1163,0.5
2022_1129_1166,0.5
2022_1129_1168,0.5
2022_1129_1172,0.5
2022_1129_1174,0.5
2022_1129_1181,0.5
2022_1129_1209,0.5
2022_1129_1211,0.5
2022_1129_1222,0.5
2022_1129_1228,0.5
2022_1129_1231,0.5
2022_1129_1234,0.5
2022_1129_1235,0.5
2022_1129_1240,0.5
2022_1129_1242,0.5
2022_1129_1246,0.5
2022_1129_1255,0.5
2022_1129_1260,0.5
2022_1129_1261,0.5
2022_1129_1266,0.5
2022_1129_1272,0.5
2022_1129_1274,0.5
2022_1129_1276,0.5
2022_1129_1277,0.5
2022_1129_1286,0.5
2022_1129_1293,0.5
2022_1129_1308,0.5
2022_1129_1313,0.5
2022_1129_1314,0.5
2022_1129_1323,0.5
2022_1129_1326,0.5
2022_1129_1344,0.5
2022_1129_1345,0.5
2022_1129_1350,0.5
2022_1129_1353,0.5
2022_1129_1355,0.5
2022_1129_1361,0.5
2022_1129_1362,0.5
2022_1129_1371,0.5
2022_1129_1388,0.5
2022_1129_1389,0.5
2022_1129_1394,0.5
2022_1129_1395,0.5
2022_1129_1397,0.5
2022_1129_1400,0.5
2022_1129_1403,0.5
2022_1129_1411,0.5
2022_1129_1412,0.5
2022_1129_1417,0.5
2022_1129_1425,0.5
2022_1129_1436,0.5
2022_1129_1437,0.5
2022_1129_1439,0.5
2022_1129_1458,0.5
2022_1129_1460,0.5
2022_1129_1461,0.5
2022_1129_1463,0.5
2022_1136_1151,0.5
2022_1136_1159,0.5
2022_1136_1161,0.5
2022_1136_1163,0.5
2022_1136_1166,0.5
2022_1136_1168,0.5
2022_1136_1172,0.5
2022_1136_1174,0.5
2022_1136_1181,0.5
2022_1136_1209,0.5
2022_1136_1211,0.5
2022_1136_1222,0.5
2022_1136_1228,0.5
2022_1136_1231,0.5
2022_1136_1234,0.5
2022_1136_1235,0.5
2022_1136_1240,0.5
2022_1136_1242,0.5
2022_1136_1246,0.5
2022_1136_1255,0.5
2022_1136_1260,0.5
2022_1136_1261,0.5
2022_1136_1266,0.5
2022_1136_1272,0.5
2022_1136_1274,0.5
2022_1136_1276,0.5
2022_1136_1277,0.5
2022_1136_1286,0.5
2022_1136_1293,0.5
2022_1136_1308,0.5
2022_1136_1313,0.5
2022_1136_1314,0.5
2022_1136_1323,0.5
2022_1136_1326,0.5
2022_1136_1344,0.5
2022_1136_1345,0.5
2022_1136_1350,0.5
2022_1136_1353,0.5
2022_1136_1355,0.5
2022_1136_1361,0.5
2022_1136_1362,0.5
2022_1136_1371,0.5
2022_1136_1388,0.5
2022_1136_1389,0.5
2022_1136_1394,0.5
2022_1136_1395,0.5
2022_1136_1397,0.5
2022_1136_1400,0.5
2022_1136_1403,0.5
2022_1136_1411,0.5
2022_1136_1412,0.5
2022_1136_1417,0.5
2022_1136_1425,0.5
2022_1136_1436,0.5
2022_1136_1437,0.5
2022_1136_1439,0.5
2022_1136_1458,0.5
2022_1136_1460,0.5
2022_1136_1461,0.5
2022_1136_1463,0.5
2022_1151_1159,0.5
2022_1151_1161,0.5
2022_1151_1163,0.5
2022_1151_1166,0.5
2022_1151_1168,0.5
2022_1151_1172,0.5
2022_1151_1174,0.5
2022_1151_1181,0.5
2022_1151_1209,0.5
2022_1151_1211,0.5
2022_1151_1222,0.5
2022_1151_1228,0.5
2022_1151_1231,0.5
2022_1151_1234,0.5
2022_1151_1235,0.5
2022_1151_1240,0.5
2022_1151_1242,0.5
2022_1151_1246,0.5
2022_1151_1255,0.5
2022_1151_1260,0.5
2022_1151_1261,0.5
2022_1151_1266,0.5
2022_1151_1272,0.5
2022_1151_1274,0.5
2022_1151_1276,0.5
2022_1151_1277,0.5
2022_1151_1286,0.5
2022_1151_1293,0.5
2022_1151_1308,0.5
2022_1151_1313,0.5
2022_1151_1314,0.5
2022_1151_1323,0.5
2022_1151_1326,0.5
2022_1151_1344,0.5
2022_1151_1345,0.5
2022_1151_1350,0.5
2022_1151_1353,0.5
2022_1151_1355,0.5
2022_1151_1361,0.5
2022_1151_1362,0.5
2022_1151_1371,0.5
2022_1151_1388,0.5
2022_1151_1389,0.5
2022_1151_1394,0.5
2022_1151_1395,0.5
2022_1151_1397,0.5
2022_1151_1400,0.5
2022_1151_1403,0.5
2022_1151_1411,0.5
2022_1151_1412,0.5
2022_1151_1417,0.5
2022_1151_1425,0.5
2022_1151_1436,0.5
2022_1151_1437,0.5
2022_1151_1439,0.5
2022_1151_1458,0.5
2022_1151_1460,0.5
2022_1151_1461,0.5
2022_1151_1463,0.5
2022_1159_1161,0.5
2022_1159_1163,0.5
2022_1159_1166,0.5
2022_1159_1168,0.5
2022_1159_1172,0.5
2022_1159_1174,0.5
2022_1159_1181,0.5
2022_1159_1209,0.5
2022_1159_1211,0.5
2022_1159_1222,0.5
2022_1159_1228,0.5
2022_1159_1231,0.5
2022_1159_1234,0.5
2022_1159_1235,0.5
2022_1159_1240,0.5
2022_1159_1242,0.5
2022_1159_1246,0.5
2022_1159_1255,0.5
2022_1159_1260,0.5
2022_1159_1261,0.5
2022_1159_1266,0.5
2022_1159_1272,0.5
2022_1159_1274,0.5
2022_1159_1276,0.5
2022_1159_1277,0.5
2022_1159_1286,0.5
2022_1159_1293,0.5
2022_1159_1308,0.5
2022_1159_1313,0.5
2022_1159_1314,0.5
2022_1159_1323,0.5
2022_1159_1326,0.5
2022_1159_1344,0.5
2022_1159_1345,0.5
2022_1159_1350,0.5
2022_1159_1353,0.5
2022_1159_1355,0.5
2022_1159_1361,0.5
2022_1159_1362,0.5
2022_1159_1371,0.5
2022_1159_1388,0.5
2022_1159_1389,0.5
2022_1159_1394,0.5
2022_1159_1395,0.5
2022_1159_1397,0.5
2022_1159_1400,0.5
2022_1159_1403,0.5
2022_1159_1411,0.5
2022_1159_1412,0.5
2022_1159_1417,0.5
2022_1159_1425,0.5
2022_1159_1436,0.5
2022_1159_1437,0.5
2022_1159_1439,0.5
2022_1159_1458,0.5
2022_1159_1460,0.5
2022_1159_1461,0.5
2022_1159_1463,0.5
2022_1161_1163,0.5
2022_1161_1166,0.5
2022_1161_1168,0.5
2022_1161_1172,0.5
2022_1161_1174,0.5
2022_1161_1181,0.5
2022_1161_1209,0.5
2022_1161_1211,0.5
2022_1161_1222,0.5
2022_1161_1228,0.5
2022_1161_1231,0.5
2022_1161_1234,0.5
2022_1161_1235,0.5
2022_1161_1240,0.5
2022_1161_1242,0.5
2022_1161_1246,0.5
2022_1161_1255,0.5
2022_1161_1260,0.5
2022_1161_1261,0.5
2022_1161_1266,0.5
2022_1161_1272,0.5
2022_1161_1274,0.5
2022_1161_1276,0.5
2022_1161_1277,0.5
2022_1161_1286,0.5
2022_1161_1293,0.5
2022_1161_1308,0.5
2022_1161_1313,0.5
2022_1161_1314,0.5
2022_1161_1323,0.5
2022_1161_1326,0.5
2022_1161_1344,0.5
2022_1161_1345,0.5
2022_1161_1350,0.5
2022_1161_1353,0.5
2022_1161_1355,0.5
2022_1161_1361,0.5
2022_1161_1362,0.5
2022_1161_1371,0.5
2022_1161_1388,0.5
2022_1161_1389,0.5
2022_1161_1394,0.5
2022_1161_1395,0.5
2022_1161_1397,0.5
2022_1161_1400,0.5
2022_1161_1403,0.5
2022_1161_1411,0.5
2022_1161_1412,0.5
2022_1161_1417,0.5
2022_1161_1425,0.5
2022_1161_1436,0.5
2022_1161_1437,0.5
2022_1161_1439,0.5
2022_1161_1458,0.5
2022_1161_1460,0.5
2022_1161_1461,0.5
2022_1161_1463,0.5
2022_1163_1166,0.5
2022_1163_1168,0.5
2022_1163_1172,0.5
2022_1163_1174,0.5
2022_1163_1181,0.5
2022_1163_1209,0.5
2022_1163_1211,0.5
2022_1163_1222,0.5
2022_1163_1228,0.5
2022_1163_1231,0.5
2022_1163_1234,0.5
2022_1163_1235,0.5
2022_1163_1240,0.5
2022_1163_1242,0.5
2022_1163_1246,0.5
2022_1163_1255,0.5
2022_1163_1260,0.5
2022_1163_1261,0.5
2022_1163_1266,0.5
2022_1163_1272,0.5
2022_1163_1274,0.5
2022_1163_1276,0.5
2022_1163_1277,0.5
2022_1163_1286,0.5
2022_1163_1293,0.5
2022_1163_1308,0.5
2022_1163_1313,0.5
2022_1163_1314,0.5
2022_1163_1323,0.5
2022_1163_1326,0.5
2022_1163_1344,0.5
2022_1163_1345,0.5
2022_1163_1350,0.5
2022_1163_1353,0.5
2022_1163_1355,0.5
2022_1163_1361,0.5
2022_1163_1362,0.5
2022_1163_1371,0.5
2022_1163_1388,0.5
2022_1163_1389,0.5
2022_1163_1394,0.5
2022_1163_1395,0.5
2022_1163_1397,0.5
2022_1163_1400,0.5
2022_1163_1403,0.5
2022_1163_1411,0.5
2022_1163_1412,0.5
2022_1163_1417,0.5
2022_1163_1425,0.5
2022_1163_1436,0.5
2022_1163_1437,0.5
2022_1163_1439,0.5
2022_1163_1458,0.5
2022_1163_1460,0.5
2022_1163_1461,0.5
2022_1163_1463,0.5
2022_1166_1168,0.5
2022_1166_1172,0.5
2022_1166_1174,0.5
2022_1166_1181,0.5
2022_1166_1209,0.5
2022_1166_1211,0.5
2022_1166_1222,0.5
2022_1166_1228,0.5
2022_1166_1231,0.5
2022_1166_1234,0.5
2022_1166_1235,0.5
2022_1166_1240,0.5
2022_1166_1242,0.5
2022_1166_1246,0.5
2022_1166_1255,0.5
2022_1166_1260,0.5
2022_1166_1261,0.5
2022_1166_1266,0.5
2022_1166_1272,0.5
2022_1166_1274,0.5
2022_1166_1276,0.5
2022_1166_1277,0.5
2022_1166_1286,0.5
2022_1166_1293,0.5
2022_1166_1308,0.5
2022_1166_1313,0.5
2022_1166_1314,0.5
2022_1166_1323,0.5
2022_1166_1326,0.5
2022_1166_1344,0.5
2022_1166_1345,0.5
2022_1166_1350,0.5
2022_1166_1353,0.5
2022_1166_1355,0.5
2022_1166_1361,0.5
2022_1166_1362,0.5
2022_1166_1371,0.5
2022_1166_1388,0.5
2022_1166_1389,0.5
2022_1166_1394,0.5
2022_1166_1395,0.5
2022_1166_1397,0.5
2022_1166_1400,0.5
2022_1166_1403,0.5
2022_1166_1411,0.5
2022_1166_1412,0.5
2022_1166_1417,0.5
2022_1166_1425,0.5
2022_1166_1436,0.5
2022_1166_1437,0.5
2022_1166_1439,0.5
2022_1166_1458,0.5
2022_1166_1460,0.5
2022_1166_1461,0.5
2022_1166_1463,0.5
2022_1168_1172,0.5
2022_1168_1174,0.5
2022_1168_1181,0.5
2022_1168_1209,0.5
2022_1168_1211,0.5
2022_1168_1222,0.5
2022_1168_1228,0.5
2022_1168_1231,0.5
2022_1168_1234,0.5
2022_1168_1235,0.5
2022_1168_1240,0.5
2022_1168_1242,0.5
2022_1168_1246,0.5
2022_1168_1255,0.5
2022_1168_1260,0.5
2022_1168_1261,0.5
2022_1168_1266,0.5
2022_1168_1272,0.5
2022_1168_1274,0.5
2022_1168_1276,0.5
2022_1168_1277,0.5
2022_1168_1286,0.5
2022_1168_1293,0.5
2022_1168_1308,0.5
2022_1168_1313,0.5
2022_1168_1314,0.5
2022_1168_1323,0.5
2022_1168_1326,0.5
2022_1168_1344,0.5
2022_1168_1345,0.5
2022_1168_1350,0.5
2022_1168_1353,0.5
2022_1168_1355,0.5
2022_1168_1361,0.5
2022_1168_1362,0.5
2022_1168_1371,0.5
2022_1168_1388,0.5
2022_1168_1389,0.5
2022_1168_1394,0.5
2022_1168_1395,0.5
2022_1168_1397,0.5
2022_1168_1400,0.5
2022_1168_1403,0.5
2022_1168_1411,0.5
2022_1168_1412,0.5
2022_1168_1417,0.5
2022_1168_1425,0.5
2022_1168_1436,0.5
2022_1168_1437,0.5
2022_1168_1439,0.5
2022_1168_1458,0.5
2022_1168_1460,0.5
2022_1168_1461,0.5
2022_1168_1463,0.5
2022_1172_1174,0.5
2022_1172_1181,0.5
2022_1172_1209,0.5
2022_1172_1211,0.5
2022_1172_1222,0.5
2022_1172_1228,0.5
2022_1172_1231,0.5
2022_1172_1234,0.5
2022_1172_1235,0.5
2022_1172_1240,0.5
2022_1172_1242,0.5
2022_1172_1246,0.5
2022_1172_1255,0.5
2022_1172_1260,0.5
2022_1172_1261,0.5
2022_1172_1266,0.5
2022_1172_1272,0.5
2022_1172_1274,0.5
2022_1172_1276,0.5
2022_1172_1277,0.5
2022_1172_1286,0.5
2022_1172_1293,0.5
2022_1172_1308,0.5
2022_1172_1313,0.5
2022_1172_1314,0.5
2022_1172_1323,0.5
2022_1172_1326,0.5
2022_1172_1344,0.5
2022_1172_1345,0.5
2022_1172_1350,0.5
2022_1172_1353,0.5
2022_1172_1355,0.5
2022_1172_1361,0.5
2022_1172_1362,0.5
2022_1172_1371,0.5
2022_1172_1388,0.5
2022_1172_1389,0.5
2022_1172_1394,0.5
2022_1172_1395,0.5
2022_1172_1397,0.5
2022_1172_1400,0.5
2022_1172_1403,0.5
2022_1172_1411,0.5
2022_1172_1412,0.5
2022_1172_1417,0.5
2022_1172_1425,0.5
2022_1172_1436,0.5
2022_1172_1437,0.5
2022_1172_1439,0.5
2022_1172_1458,0.5
2022_1172_1460,0.5
2022_1172_1461,0.5
2022_1172_1463,0.5
2022_1174_1181,0.5
2022_1174_1209,0.5
2022_1174_1211,0.5
2022_1174_1222,0.5
2022_1174_1228,0.5
2022_1174_1231,0.5
2022_1174_1234,0.5
2022_1174_1235,0.5
2022_1174_1240,0.5
2022_1174_1242,0.5
2022_1174_1246,0.5
2022_1174_1255,0.5
2022_1174_1260,0.5
2022_1174_1261,0.5
2022_1174_1266,0.5
2022_1174_1272,0.5
2022_1174_1274,0.5
2022_1174_1276,0.5
2022_1174_1277,0.5
2022_1174_1286,0.5
2022_1174_1293,0.5
2022_1174_1308,0.5
2022_1174_1313,0.5
2022_1174_1314,0.5
2022_1174_1323,0.5
2022_1174_1326,0.5
2022_1174_1344,0.5
2022_1174_1345,0.5
2022_1174_1350,0.5
2022_1174_1353,0.5
2022_1174_1355,0.5
2022_1174_1361,0.5
2022_1174_1362,0.5
2022_1174_1371,0.5
2022_1174_1388,0.5
2022_1174_1389,0.5
2022_1174_1394,0.5
2022_1174_1395,0.5
2022_1174_1397,0.5
2022_1174_1400,0.5
2022_1174_1403,0.5
2022_1174_1411,0.5
2022_1174_1412,0.5
2022_1174_1417,0.5
2022_1174_1425,0.5
2022_1174_1436,0.5
2022_1174_1437,0.5
2022_1174_1439,0.5
2022_1174_1458,0.5
2022_1174_1460,0.5
2022_1174_1461,0.5
2022_1174_1463,0.5
2022_1181_1209,0.5
2022_1181_1211,0.5
2022_1181_1222,0.5
2022_1181_1228,0.5
2022_1181_1231,0.5
2022_1181_1234,0.5
2022_1181_1235,0.5
2022_1181_1240,0.5
2022_1181_1242,0.5
2022_1181_1246,0.5
2022_1181_1255,0.5
2022_1181_1260,0.5
2022_1181_1261,0.5
2022_1181_1266,0.5
2022_1181_1272,0.5
2022_1181_1274,0.5
2022_1181_1276,0.5
2022_1181_1277,0.5
2022_1181_1286,0.5
2022_1181_1293,0.5
2022_1181_1308,0.5
2022_1181_1313,0.5
2022_1181_1314,0.5
2022_1181_1323,0.5
2022_1181_1326,0.5
2022_1181_1344,0.5
2022_1181_1345,0.5
2022_1181_1350,0.5
2022_1181_1353,0.5
2022_1181_1355,0.5
2022_1181_1361,0.5
2022_1181_1362,0.5
2022_1181_1371,0.5
2022_1181_1388,0.5
2022_1181_1389,0.5
2022_1181_1394,0.5
2022_1181_1395,0.5
2022_1181_1397,0.5
2022_1181_1400,0.5
2022_1181_1403,0.5
2022_1181_1411,0.5
2022_1181_1412,0.5
2022_1181_1417,0.5
2022_1181_1425,0.5
2022_1181_1436,0.5
2022_1181_1437,0.5
2022_1181_1439,0.5
2022_1181_1458,0.5
2022_1181_1460,0.5
2022_1181_1461,0.5
2022_1181_1463,0.5
2022_1209_1211,0.5
2022_1209_1222,0.5
2022_1209_1228,0.5
2022_1209_1231,0.5
2022_1209_1234,0.5
2022_1209_1235,0.5
2022_1209_1240,0.5
2022_1209_1242,0.5
2022_1209_1246,0.5
2022_1209_1255,0.5
2022_1209_1260,0.5
2022_1209_1261,0.5
2022_1209_1266,0.5
2022_1209_1272,0.5
2022_1209_1274,0.5
2022_1209_1276,0.5
2022_1209_1277,0.5
2022_1209_1286,0.5
2022_1209_1293,0.5
2022_1209_1308,0.5
2022_1209_1313,0.5
2022_1209_1314,0.5
2022_1209_1323,0.5
2022_1209_1326,0.5
2022_1209_1344,0.5
2022_1209_1345,0.5
2022_1209_1350,0.5
2022_1209_1353,0.5
2022_1209_1355,0.5
2022_1209_1361,0.5
2022_1209_1362,0.5
2022_1209_1371,0.5
2022_1209_1388,0.5
2022_1209_1389,0.5
2022_1209_1394,0.5
2022_1209_1395,0.5
2022_1209_1397,0.5
2022_1209_1400,0.5
2022_1209_1403,0.5
2022_1209_1411,0.5
2022_1209_1412,0.5
2022_1209_1417,0.5
2022_1209_1425,0.5
2022_1209_1436,0.5
2022_1209_1437,0.5
2022_1209_1439,0.5
2022_1209_1458,0.5
2022_1209_1460,0.5
2022_1209_1461,0.5
2022_1209_1463,0.5
2022_1211_1222,0.5
2022_1211_1228,0.5
2022_1211_1231,0.5
2022_1211_1234,0.5
2022_1211_1235,0.5
2022_1211_1240,0.5
2022_1211_1242,0.5
2022_1211_1246,0.5
2022_1211_1255,0.5
2022_1211_1260,0.5
2022_1211_1261,0.5
2022_1211_1266,0.5
2022_1211_1272,0.5
2022_1211_1274,0.5
2022_1211_1276,0.5
2022_1211_1277,0.5
2022_1211_1286,0.5
2022_1211_1293,0.5
2022_1211_1308,0.5
2022_1211_1313,0.5
2022_1211_1314,0.5
2022_1211_1323,0.5
2022_1211_1326,0.5
2022_1211_1344,0.5
2022_1211_1345,0.5
2022_1211_1350,0.5
2022_1211_1353,0.5
2022_1211_1355,0.5
2022_1211_1361,0.5
2022_1211_1362,0.5
2022_1211_1371,0.5
2022_1211_1388,0.5
2022_1211_1389,0.5
2022_1211_1394,0.5
2022_1211_1395,0.5
2022_1211_1397,0.5
2022_1211_1400,0.5
2022_1211_1403,0.5
2022_1211_1411,0.5
2022_1211_1412,0.5
2022_1211_1417,0.5
2022_1211_1425,0.5
2022_1211_1436,0.5
2022_1211_1437,0.5
2022_1211_1439,0.5
2022_1211_1458,0.5
2022_1211_1460,0.5
2022_1211_1461,0.5
2022_1211_1463,0.5
2022_1222_1228,0.5
2022_1222_1231,0.5
2022_1222_1234,0.5
2022_1222_1235,0.5
2022_1222_1240,0.5
2022_1222_1242,0.5
2022_1222_1246,0.5
2022_1222_1255,0.5
2022_1222_1260,0.5
2022_1222_1261,0.5
2022_1222_1266,0.5
2022_1222_1272,0.5
2022_1222_1274,0.5
2022_1222_1276,0.5
2022_1222_1277,0.5
2022_1222_1286,0.5
2022_1222_1293,0.5
2022_1222_1308,0.5
2022_1222_1313,0.5
2022_1222_1314,0.5
2022_1222_1323,0.5
2022_1222_1326,0.5
2022_1222_1344,0.5
2022_1222_1345,0.5
2022_1222_1350,0.5
2022_1222_1353,0.5
2022_1222_1355,0.5
2022_1222_1361,0.5
2022_1222_1362,0.5
2022_1222_1371,0.5
2022_1222_1388,0.5
2022_1222_1389,0.5
2022_1222_1394,0.5
2022_1222_1395,0.5
2022_1222_1397,0.5
2022_1222_1400,0.5
2022_1222_1403,0.5
2022_1222_1411,0.5
2022_1222_1412,0.5
2022_1222_1417,0.5
2022_1222_1425,0.5
2022_1222_1436,0.5
2022_1222_1437,0.5
2022_1222_1439,0.5
2022_1222_1458,0.5
2022_1222_1460,0.5
2022_1222_1461,0.5
2022_1222_1463,0.5
2022_1228_1231,0.5
2022_1228_1234,0.5
2022_1228_1235,0.5
2022_1228_1240,0.5
2022_1228_1242,0.5
2022_1228_1246,0.5
2022_1228_1255,0.5
2022_1228_1260,0.5
2022_1228_1261,0.5
2022_1228_1266,0.5
2022_1228_1272,0.5
2022_1228_1274,0.5
2022_1228_1276,0.5
2022_1228_1277,0.5
2022_1228_1286,0.5
2022_1228_1293,0.5
2022_1228_1308,0.5
2022_1228_1313,0.5
2022_1228_1314,0.5
2022_1228_1323,0.5
2022_1228_1326,0.5
2022_1228_1344,0.5
2022_1228_1345,0.5
2022_1228_1350,0.5
2022_1228_1353,0.5
2022_1228_1355,0.5
2022_1228_1361,0.5
2022_1228_1362,0.5
2022_1228_1371,0.5
2022_1228_1388,0.5
2022_1228_1389,0.5
2022_1228_1394,0.5
2022_1228_1395,0.5
2022_1228_1397,0.5
2022_1228_1400,0.5
2022_1228_1403,0.5
2022_1228_1411,0.5
2022_1228_1412,0.5
2022_1228_1417,0.5
2022_1228_1425,0.5
2022_1228_1436,0.5
2022_1228_1437,0.5
2022_1228_1439,0.5
2022_1228_1458,0.5
2022_1228_1460,0.5
2022_1228_1461,0.5
2022_1228_1463,0.5
2022_1231_1234,0.5
2022_1231_1235,0.5
2022_1231_1240,0.5
2022_1231_1242,0.5
2022_1231_1246,0.5
2022_1231_1255,0.5
2022_1231_1260,0.5
2022_1231_1261,0.5
2022_1231_1266,0.5
2022_1231_1272,0.5
2022_1231_1274,0.5
2022_1231_1276,0.5
2022_1231_1277,0.5
2022_1231_1286,0.5
2022_1231_1293,0.5
2022_1231_1308,0.5
2022_1231_1313,0.5
2022_1231_1314,0.5
2022_1231_1323,0.5
2022_1231_1326,0.5
2022_1231_1344,0.5
2022_1231_1345,0.5
2022_1231_1350,0.5
2022_1231_1353,0.5
2022_1231_1355,0.5
2022_1231_1361,0.5
2022_1231_1362,0.5
2022_1231_1371,0.5
2022_1231_1388,0.5
2022_1231_1389,0.5
2022_1231_1394,0.5
2022_1231_1395,0.5
2022_1231_1397,0.5
2022_1231_1400,0.5
2022_1231_1403,0.5
2022_1231_1411,0.5
2022_1231_1412,0.5
2022_1231_1417,0.5
2022_1231_1425,0.5
2022_1231_1436,0.5
2022_1231_1437,0.5
2022_1231_1439,0.5
2022_1231_1458,0.5
2022_1231_1460,0.5
2022_1231_1461,0.5
2022_1231_1463,0.5
2022_1234_1235,0.5
2022_1234_1240,0.5
2022_1234_1242,0.5
2022_1234_1246,0.5
2022_1234_1255,0.5
2022_1234_1260,0.5
2022_1234_1261,0.5
2022_1234_1266,0.5
2022_1234_1272,0.5
2022_1234_1274,0.5
2022_1234_1276,0.5
2022_1234_1277,0.5
2022_1234_1286,0.5
2022_1234_1293,0.5
2022_1234_1308,0.5
2022_1234_1313,0.5
2022_1234_1314,0.5
2022_1234_1323,0.5
2022_1234_1326,0.5
2022_1234_1344,0.5
2022_1234_1345,0.5
2022_1234_1350,0.5
2022_1234_1353,0.5
2022_1234_1355,0.5
2022_1234_1361,0.5
2022_1234_1362,0.5
2022_1234_1371,0.5
2022_1234_1388,0.5
2022_1234_1389,0.5
2022_1234_1394,0.5
2022_1234_1395,0.5
2022_1234_1397,0.5
2022_1234_1400,0.5
2022_1234_1403,0.5
2022_1234_1411,0.5
2022_1234_1412,0.5
2022_1234_1417,0.5
2022_1234_1425,0.5
2022_1234_1436,0.5
2022_1234_1437,0.5
2022_1234_1439,0.5
2022_1234_1458,0.5
2022_1234_1460,0.5
2022_1234_1461,0.5
2022_1234_1463,0.5
2022_1235_1240,0.5
2022_1235_1242,0.5
2022_1235_1246,0.5
2022_1235_1255,0.5
2022_1235_1260,0.5
2022_1235_1261,0.5
2022_1235_1266,0.5
2022_1235_1272,0.5
2022_1235_1274,0.5
2022_1235_1276,0.5
2022_1235_1277,0.5
2022_1235_1286,0.5
2022_1235_1293,0.5
2022_1235_1308,0.5
2022_1235_1313,0.5
2022_1235_1314,0.5
2022_1235_1323,0.5
2022_1235_1326,0.5
2022_1235_1344,0.5
2022_1235_1345,0.5
2022_1235_1350,0.5
2022_1235_1353,0.5
2022_1235_1355,0.5
2022_1235_1361,0.5
2022_1235_1362,0.5
2022_1235_1371,0.5
2022_1235_1388,0.5
2022_1235_1389,0.5
2022_1235_1394,0.5
2022_1235_1395,0.5
2022_1235_1397,0.5
2022_1235_1400,0.5
2022_1235_1403,0.5
2022_1235_1411,0.5
2022_1235_1412,0.5
2022_1235_1417,0.5
2022_1235_1425,0.5
2022_1235_1436,0.5
2022_1235_1437,0.5
2022_1235_1439,0.5
2022_1235_1458,0.5
2022_1235_1460,0.5
2022_1235_1461,0.5
2022_1235_1463,0.5
2022_1240_1242,0.5
2022_1240_1246,0.5
2022_1240_1255,0.5
2022_1240_1260,0.5
2022_1240_1261,0.5
2022_1240_1266,0.5
2022_1240_1272,0.5
2022_1240_1274,0.5
2022_1240_1276,0.5
2022_1240_1277,0.5
2022_1240_1286,0.5
2022_1240_1293,0.5
2022_1240_1308,0.5
2022_1240_1313,0.5
2022_1240_1314,0.5
2022_1240_1323,0.5
2022_1240_1326,0.5
2022_1240_1344,0.5
2022_1240_1345,0.5
2022_1240_1350,0.5
2022_1240_1353,0.5
2022_1240_1355,0.5
2022_1240_1361,0.5
2022_1240_1362,0.5
2022_1240_1371,0.5
2022_1240_1388,0.5
2022_1240_1389,0.5
2022_1240_1394,0.5
2022_1240_1395,0.5
2022_1240_1397,0.5
2022_1240_1400,0.5
2022_1240_1403,0.5
2022_1240_1411,0.5
2022_1240_1412,0.5
2022_1240_1417,0.5
2022_1240_1425,0.5
2022_1240_1436,0.5
2022_1240_1437,0.5
2022_1240_1439,0.5
2022_1240_1458,0.5
2022_1240_1460,0.5
2022_1240_1461,0.5
2022_1240_1463,0.5
2022_1242_1246,0.5
2022_1242_1255,0.5
2022_1242_1260,0.5
2022_1242_1261,0.5
2022_1242_1266,0.5
2022_1242_1272,0.5
2022_1242_1274,0.5
2022_1242_1276,0.5
2022_1242_1277,0.5
2022_1242_1286,0.5
2022_1242_1293,0.5
2022_1242_1308,0.5
2022_1242_1313,0.5
2022_1242_1314,0.5
2022_1242_1323,0.5
2022_1242_1326,0.5
2022_1242_1344,0.5
2022_1242_1345,0.5
2022_1242_1350,0.5
2022_1242_1353,0.5
2022_1242_1355,0.5
2022_1242_1361,0.5
2022_1242_1362,0.5
2022_1242_1371,0.5
2022_1242_1388,0.5
2022_1242_1389,0.5
2022_1242_1394,0.5
2022_1242_1395,0.5
2022_1242_1397,0.5
2022_1242_1400,0.5
2022_1242_1403,0.5
2022_1242_1411,0.5
2022_1242_1412,0.5
2022_1242_1417,0.5
2022_1242_1425,0.5
2022_1242_1436,0.5
2022_1242_1437,0.5
2022_1242_1439,0.5
2022_1242_1458,0.5
2022_1242_1460,0.5
2022_1242_1461,0.5
2022_1242_1463,0.5
2022_1246_1255,0.5
2022_1246_1260,0.5
2022_1246_1261,0.5
2022_1246_1266,0.5
2022_1246_1272,0.5
2022_1246_1274,0.5
2022_1246_1276,0.5
2022_1246_1277,0.5
2022_1246_1286,0.5
2022_1246_1293,0.5
2022_1246_1308,0.5
2022_1246_1313,0.5
2022_1246_1314,0.5
2022_1246_1323,0.5
2022_1246_1326,0.5
2022_1246_1344,0.5
2022_1246_1345,0.5
2022_1246_1350,0.5
2022_1246_1353,0.5
2022_1246_1355,0.5
2022_1246_1361,0.5
2022_1246_1362,0.5
2022_1246_1371,0.5
2022_1246_1388,0.5
2022_1246_1389,0.5
2022_1246_1394,0.5
2022_1246_1395,0.5
2022_1246_1397,0.5
2022_1246_1400,0.5
2022_1246_1403,0.5
2022_1246_1411,0.5
2022_1246_1412,0.5
2022_1246_1417,0.5
2022_1246_1425,0.5
2022_1246_1436,0.5
2022_1246_1437,0.5
2022_1246_1439,0.5
2022_1246_1458,0.5
2022_1246_1460,0.5
2022_1246_1461,0.5
2022_1246_1463,0.5
2022_1255_1260,0.5
2022_1255_1261,0.5
2022_1255_1266,0.5
2022_1255_1272,0.5
2022_1255_1274,0.5
2022_1255_1276,0.5
2022_1255_1277,0.5
2022_1255_1286,0.5
2022_1255_1293,0.5
2022_1255_1308,0.5
2022_1255_1313,0.5
2022_1255_1314,0.5
2022_1255_1323,0.5
2022_1255_1326,0.5
2022_1255_1344,0.5
2022_1255_1345,0.5
2022_1255_1350,0.5
2022_1255_1353,0.5
2022_1255_1355,0.5
2022_1255_1361,0.5
2022_1255_1362,0.5
2022_1255_1371,0.5
2022_1255_1388,0.5
2022_1255_1389,0.5
2022_1255_1394,0.5
2022_1255_1395,0.5
2022_1255_1397,0.5
2022_1255_1400,0.5
2022_1255_1403,0.5
2022_1255_1411,0.5
2022_1255_1412,0.5
2022_1255_1417,0.5
2022_1255_1425,0.5
2022_1255_1436,0.5
2022_1255_1437,0.5
2022_1255_1439,0.5
2022_1255_1458,0.5
2022_1255_1460,0.5
2022_1255_1461,0.5
2022_1255_1463,0.5
2022_1260_1261,0.5
2022_1260_1266,0.5
2022_1260_1272,0.5
2022_1260_1274,0.5
2022_1260_1276,0.5
2022_1260_1277,0.5
2022_1260_1286,0.5
2022_1260_1293,0.5
2022_1260_1308,0.5
2022_1260_1313,0.5
2022_1260_1314,0.5
2022_1260_1323,0.5
2022_1260_1326,0.5
2022_1260_1344,0.5
2022_1260_1345,0.5
2022_1260_1350,0.5
2022_1260_1353,0.5
2022_1260_1355,0.5
2022_1260_1361,0.5
2022_1260_1362,0.5
2022_1260_1371,0.5
2022_1260_1388,0.5
2022_1260_1389,0.5
2022_1260_1394,0.5
2022_1260_1395,0.5
2022_1260_1397,0.5
2022_1260_1400,0.5
2022_1260_1403,0.5
2022_1260_1411,0.5
2022_1260_1412,0.5
2022_1260_1417,0.5
2022_1260_1425,0.5
2022_1260_1436,0.5
2022_1260_1437,0.5
2022_1260_1439,0.5
2022_1260_1458,0.5
2022_1260_1460,0.5
2022_1260_1461,0.5
2022_1260_1463,0.5
2022_1261_1266,0.5
2022_1261_1272,0.5
2022_1261_1274,0.5
2022_1261_1276,0.5
2022_1261_1277,0.5
2022_1261_1286,0.5
2022_1261_1293,0.5
2022_1261_1308,0.5
2022_1261_1313,0.5
2022_1261_1314,0.5
2022_1261_1323,0.5
2022_1261_1326,0.5
2022_1261_1344,0.5
2022_1261_1345,0.5
2022_1261_1350,0.5
2022_1261_1353,0.5
2022_1261_1355,0.5
2022_1261_1361,0.5
2022_1261_1362,0.5
2022_1261_1371,0.5
2022_1261_1388,0.5
2022_1261_1389,0.5
2022_1261_1394,0.5
2022_1261_1395,0.5
2022_1261_1397,0.5
2022_1261_1400,0.5
2022_1261_1403,0.5
2022_1261_1411,0.5
2022_1261_1412,0.5
2022_1261_1417,0.5
2022_1261_1425,0.5
2022_1261_1436,0.5
2022_1261_1437,0.5
2022_1261_1439,0.5
2022_1261_1458,0.5
2022_1261_1460,0.5
2022_1261_1461,0.5
2022_1261_1463,0.5
2022_1266_1272,0.5
2022_1266_1274,0.5
2022_1266_1276,0.5
2022_1266_1277,0.5
2022_1266_1286,0.5
2022_1266_1293,0.5
2022_1266_1308,0.5
2022_1266_1313,0.5
2022_1266_1314,0.5
2022_1266_1323,0.5
2022_1266_1326,0.5
2022_1266_1344,0.5
2022_1266_1345,0.5
2022_1266_1350,0.5
2022_1266_1353,0.5
2022_1266_1355,0.5
2022_1266_1361,0.5
2022_1266_1362,0.5
2022_1266_1371,0.5
2022_1266_1388,0.5
2022_1266_1389,0.5
2022_1266_1394,0.5
2022_1266_1395,0.5
2022_1266_1397,0.5
2022_1266_1400,0.5
2022_1266_1403,0.5
2022_1266_1411,0.5
2022_1266_1412,0.5
2022_1266_1417,0.5
2022_1266_1425,0.5
2022_1266_1436,0.5
2022_1266_1437,0.5
2022_1266_1439,0.5
2022_1266_1458,0.5
2022_1266_1460,0.5
2022_1266_1461,0.5
2022_1266_1463,0.5
2022_1272_1274,0.5
2022_1272_1276,0.5
2022_1272_1277,0.5
2022_1272_1286,0.5
2022_1272_1293,0.5
2022_1272_1308,0.5
2022_1272_1313,0.5
2022_1272_1314,0.5
2022_1272_1323,0.5
2022_1272_1326,0.5
2022_1272_1344,0.5
2022_1272_1345,0.5
2022_1272_1350,0.5
2022_1272_1353,0.5
2022_1272_1355,0.5
2022_1272_1361,0.5
2022_1272_1362,0.5
2022_1272_1371,0.5
2022_1272_1388,0.5
2022_1272_1389,0.5
2022_1272_1394,0.5
2022_1272_1395,0.5
2022_1272_1397,0.5
2022_1272_1400,0.5
2022_1272_1403,0.5
2022_1272_1411,0.5
2022_1272_1412,0.5
2022_1272_1417,0.5
2022_1272_1425,0.5
2022_1272_1436,0.5
2022_1272_1437,0.5
2022_1272_1439,0.5
2022_1272_1458,0.5
2022_1272_1460,0.5
2022_1272_1461,0.5
2022_1272_1463,0.5
2022_1274_1276,0.5
2022_1274_1277,0.5
2022_1274_1286,0.5
2022_1274_1293,0.5
2022_1274_1308,0.5
2022_1274_1313,0.5
2022_1274_1314,0.5
2022_1274_1323,0.5
2022_1274_1326,0.5
2022_1274_1344,0.5
2022_1274_1345,0.5
2022_1274_1350,0.5
2022_1274_1353,0.5
2022_1274_1355,0.5
2022_1274_1361,0.5
2022_1274_1362,0.5
2022_1274_1371,0.5
2022_1274_1388,0.5
2022_1274_1389,0.5
2022_1274_1394,0.5
2022_1274_1395,0.5
2022_1274_1397,0.5
2022_1274_1400,0.5
2022_1274_1403,0.5
2022_1274_1411,0.5
2022_1274_1412,0.5
2022_1274_1417,0.5
2022_1274_1425,0.5
2022_1274_1436,0.5
2022_1274_1437,0.5
2022_1274_1439,0.5
2022_1274_1458,0.5
2022_1274_1460,0.5
2022_1274_1461,0.5
2022_1274_1463,0.5
2022_1276_1277,0.5
2022_1276_1286,0.5
2022_1276_1293,0.5
2022_1276_1308,0.5
2022_1276_1313,0.5
2022_1276_1314,0.5
2022_1276_1323,0.5
2022_1276_1326,0.5
2022_1276_1344,0.5
2022_1276_1345,0.5
2022_1276_1350,0.5
2022_1276_1353,0.5
2022_1276_1355,0.5
2022_1276_1361,0.5
2022_1276_1362,0.5
2022_1276_1371,0.5
2022_1276_1388,0.5
2022_1276_1389,0.5
2022_1276_1394,0.5
2022_1276_1395,0.5
2022_1276_1397,0.5
2022_1276_1400,0.5
2022_1276_1403,0.5
2022_1276_1411,0.5
2022_1276_1412,0.5
2022_1276_1417,0.5
2022_1276_1425,0.5
2022_1276_1436,0.5
2022_1276_1437,0.5
2022_1276_1439,0.5
2022_1276_1458,0.5
2022_1276_1460,0.5
2022_1276_1461,0.5
2022_1276_1463,0.5
2022_1277_1286,0.5
2022_1277_1293,0.5
2022_1277_1308,0.5
2022_1277_1313,0.5
2022_1277_1314,0.5
2022_1277_1323,0.5
2022_1277_1326,0.5
2022_1277_1344,0.5
2022_1277_1345,0.5
2022_1277_1350,0.5
2022_1277_1353,0.5
2022_1277_1355,0.5
2022_1277_1361,0.5
2022_1277_1362,0.5
2022_1277_1371,0.5
2022_1277_1388,0.5
2022_1277_1389,0.5
2022_1277_1394,0.5
2022_1277_1395,0.5
2022_1277_1397,0.5
2022_1277_1400,0.5
2022_1277_1403,0.5
2022_1277_1411,0.5
2022_1277_1412,0.5
2022_1277_1417,0.5
2022_1277_1425,0.5
2022_1277_1436,0.5
2022_1277_1437,0.5
2022_1277_1439,0.5
2022_1277_1458,0.5
2022_1277_1460,0.5
2022_1277_1461,0.5
2022_1277_1463,0.5
2022_1286_1293,0.5
2022_1286_1308,0.5
2022_1286_1313,0.5
2022_1286_1314,0.5
2022_1286_1323,0.5
2022_1286_1326,0.5
2022_1286_1344,0.5
2022_1286_1345,0.5
2022_1286_1350,0.5
2022_1286_1353,0.5
2022_1286_1355,0.5
2022_1286_1361,0.5
2022_1286_1362,0.5
2022_1286_1371,0.5
2022_1286_1388,0.5
2022_1286_1389,0.5
2022_1286_1394,0.5
2022_1286_1395,0.5
2022_1286_1397,0.5
2022_1286_1400,0.5
2022_1286_1403,0.5
2022_1286_1411,0.5
2022_1286_1412,0.5
2022_1286_1417,0.5
2022_1286_1425,0.5
2022_1286_1436,0.5
2022_1286_1437,0.5
2022_1286_1439,0.5
2022_1286_1458,0.5
2022_1286_1460,0.5
2022_1286_1461,0.5
2022_1286_1463,0.5
2022_1293_1308,0.5
2022_1293_1313,0.5
2022_1293_1314,0.5
2022_1293_1323,0.5
2022_1293_1326,0.5
2022_1293_1344,0.5
2022_1293_1345,0.5
2022_1293_1350,0.5
2022_1293_1353,0.5
2022_1293_1355,0.5
2022_1293_1361,0.5
2022_1293_1362,0.5
2022_1293_1371,0.5
2022_1293_1388,0.5
2022_1293_1389,0.5
2022_1293_1394,0.5
2022_1293_1395,0.5
2022_1293_1397,0.5
2022_1293_1400,0.5
2022_1293_1403,0.5
2022_1293_1411,0.5
2022_1293_1412,0.5
2022_1293_1417,0.5
2022_1293_1425,0.5
2022_1293_1436,0.5
2022_1293_1437,0.5
2022_1293_1439,0.5
2022_1293_1458,0.5
2022_1293_1460,0.5
2022_1293_1461,0.5
2022_1293_1463,0.5
2022_1308_1313,0.5
2022_1308_1314,0.5
2022_1308_1323,0.5
2022_1308_1326,0.5
2022_1308_1344,0.5
2022_1308_1345,0.5
2022_1308_1350,0.5
2022_1308_1353,0.5
2022_1308_1355,0.5
2022_1308_1361,0.5
2022_1308_1362,0.5
2022_1308_1371,0.5
2022_1308_1388,0.5
2022_1308_1389,0.5
2022_1308_1394,0.5
2022_1308_1395,0.5
2022_1308_1397,0.5
2022_1308_1400,0.5
2022_1308_1403,0.5
2022_1308_1411,0.5
2022_1308_1412,0.5
2022_1308_1417,0.5
2022_1308_1425,0.5
2022_1308_1436,0.5
2022_1308_1437,0.5
2022_1308_1439,0.5
2022_1308_1458,0.5
2022_1308_1460,0.5
2022_1308_1461,0.5
2022_1308_1463,0.5
2022_1313_1314,0.5
2022_1313_1323,0.5
2022_1313_1326,0.5
2022_1313_1344,0.5
2022_1313_1345,0.5
2022_1313_1350,0.5
2022_1313_1353,0.5
2022_1313_1355,0.5
2022_1313_1361,0.5
2022_1313_1362,0.5
2022_1313_1371,0.5
2022_1313_1388,0.5
2022_1313_1389,0.5
2022_1313_1394,0.5
2022_1313_1395,0.5
2022_1313_1397,0.5
2022_1313_1400,0.5
2022_1313_1403,0.5
2022_1313_1411,0.5
2022_1313_1412,0.5
2022_1313_1417,0.5
2022_1313_1425,0.5
2022_1313_1436,0.5
2022_1313_1437,0.5
2022_1313_1439,0.5
2022_1313_1458,0.5
2022_1313_1460,0.5
2022_1313_1461,0.5
2022_1313_1463,0.5
2022_1314_1323,0.5
2022_1314_1326,0.5
2022_1314_1344,0.5
2022_1314_1345,0.5
2022_1314_1350,0.5
2022_1314_1353,0.5
2022_1314_1355,0.5
2022_1314_1361,0.5
2022_1314_1362,0.5
2022_1314_1371,0.5
2022_1314_1388,0.5
2022_1314_1389,0.5
2022_1314_1394,0.5
2022_1314_1395,0.5
2022_1314_1397,0.5
2022_1314_1400,0.5
2022_1314_1403,0.5
2022_1314_1411,0.5
2022_1314_1412,0.5
2022_1314_1417,0.5
2022_1314_1425,0.5
2022_1314_1436,0.5
2022_1314_1437,0.5
2022_1314_1439,0.5
2022_1314_1458,0.5
2022_1314_1460,0.5
2022_1314_1461,0.5
2022_1314_1463,0.5
2022_1323_1326,0.5
2022_1323_1344,0.5
2022_1323_1345,0.5
2022_1323_1350,0.5
2022_1323_1353,0.5
2022_1323_1355,0.5
2022_1323_1361,0.5
2022_1323_1362,0.5
2022_1323_1371,0.5
2022_1323_1388,0.5
2022_1323_1389,0.5
2022_1323_1394,0.5
2022_1323_1395,0.5
2022_1323_1397,0.5
2022_1323_1400,0.5
2022_1323_1403,0.5
2022_1323_1411,0.5
2022_1323_1412,0.5
2022_1323_1417,0.5
2022_1323_1425,0.5
2022_1323_1436,0.5
2022_1323_1437,0.5
2022_1323_1439,0.5
2022_1323_1458,0.5
2022_1323_1460,0.5
2022_1323_1461,0.5
2022_1323_1463,0.5
2022_1326_1344,0.5
2022_1326_1345,0.5
2022_1326_1350,0.5
2022_1326_1353,0.5
2022_1326_1355,0.5
2022_1326_1361,0.5
2022_1326_1362,0.5
2022_1326_1371,0.5
2022_1326_1388,0.5
2022_1326_1389,0.5
2022_1326_1394,0.5
2022_1326_1395,0.5
2022_1326_1397,0.5
2022_1326_1400,0.5
2022_1326_1403,0.5
2022_1326_1411,0.5
2022_1326_1412,0.5
2022_1326_1417,0.5
2022_1326_1425,0.5
2022_1326_1436,0.5
2022_1326_1437,0.5
2022_1326_1439,0.5
2022_1326_1458,0.5
2022_1326_1460,0.5
2022_1326_1461,0.5
2022_1326_1463,0.5
2022_1344_1345,0.5
2022_1344_1350,0.5
2022_1344_1353,0.5
2022_1344_1355,0.5
2022_1344_1361,0.5
2022_1344_1362,0.5
2022_1344_1371,0.5
2022_1344_1388,0.5
2022_1344_1389,0.5
2022_1344_1394,0.5
2022_1344_1395,0.5
2022_1344_1397,0.5
2022_1344_1400,0.5
2022_1344_1403,0.5
2022_1344_1411,0.5
2022_1344_1412,0.5
2022_1344_1417,0.5
2022_1344_1425,0.5
2022_1344_1436,0.5
2022_1344_1437,0.5
2022_1344_1439,0.5
2022_1344_1458,0.5
2022_1344_1460,0.5
2022_1344_1461,0.5
2022_1344_1463,0.5
2022_1345_1350,0.5
2022_1345_1353,0.5
2022_1345_1355,0.5
2022_1345_1361,0.5
2022_1345_1362,0.5
2022_1345_1371,0.5
2022_1345_1388,0.5
2022_1345_1389,0.5
2022_1345_1394,0.5
2022_1345_1395,0.5
2022_1345_1397,0.5
2022_1345_1400,0.5
2022_1345_1403,0.5
2022_1345_1411,0.5
2022_1345_1412,0.5
2022_1345_1417,0.5
2022_1345_1425,0.5
2022_1345_1436,0.5
2022_1345_1437,0.5
2022_1345_1439,0.5
2022_1345_1458,0.5
2022_1345_1460,0.5
2022_1345_1461,0.5
2022_1345_1463,0.5
2022_1350_1353,0.5
2022_1350_1355,0.5
2022_1350_1361,0.5
2022_1350_1362,0.5
2022_1350_1371,0.5
2022_1350_1388,0.5
2022_1350_1389,0.5
2022_1350_1394,0.5
2022_1350_1395,0.5
2022_1350_1397,0.5
2022_1350_1400,0.5
2022_1350_1403,0.5
2022_1350_1411,0.5
2022_1350_1412,0.5
2022_1350_1417,0.5
2022_1350_1425,0.5
2022_1350_1436,0.5
2022_1350_1437,0.5
2022_1350_1439,0.5
2022_1350_1458,0.5
2022_1350_1460,0.5
2022_1350_1461,0.5
2022_1350_1463,0.5
2022_1353_1355,0.5
2022_1353_1361,0.5
2022_1353_1362,0.5
2022_1353_1371,0.5
2022_1353_1388,0.5
2022_1353_1389,0.5
2022_1353_1394,0.5
2022_1353_1395,0.5
2022_1353_1397,0.5
2022_1353_1400,0.5
2022_1353_1403,0.5
2022_1353_1411,0.5
2022_1353_1412,0.5
2022_1353_1417,0.5
2022_1353_1425,0.5
2022_1353_1436,0.5
2022_1353_1437,0.5
2022_1353_1439,0.5
2022_1353_1458,0.5
2022_1353_1460,0.5
2022_1353_1461,0.5
2022_1353_1463,0.5
2022_1355_1361,0.5
2022_1355_1362,0.5
2022_1355_1371,0.5
2022_1355_1388,0.5
2022_1355_1389,0.5
2022_1355_1394,0.5
2022_1355_1395,0.5
2022_1355_1397,0.5
2022_1355_1400,0.5
2022_1355_1403,0.5
2022_1355_1411,0.5
2022_1355_1412,0.5
2022_1355_1417,0.5
2022_1355_1425,0.5
2022_1355_1436,0.5
2022_1355_1437,0.5
2022_1355_1439,0.5
2022_1355_1458,0.5
2022_1355_1460,0.5
2022_1355_1461,0.5
2022_1355_1463,0.5
2022_1361_1362,0.5
2022_1361_1371,0.5
2022_1361_1388,0.5
2022_1361_1389,0.5
2022_1361_1394,0.5
2022_1361_1395,0.5
2022_1361_1397,0.5
2022_1361_1400,0.5
2022_1361_1403,0.5
2022_1361_1411,0.5
2022_1361_1412,0.5
2022_1361_1417,0.5
2022_1361_1425,0.5
2022_1361_1436,0.5
2022_1361_1437,0.5
2022_1361_1439,0.5
2022_1361_1458,0.5
2022_1361_1460,0.5
2022_1361_1461,0.5
2022_1361_1463,0.5
2022_1362_1371,0.5
2022_1362_1388,0.5
2022_1362_1389,0.5
2022_1362_1394,0.5
2022_1362_1395,0.5
2022_1362_1397,0.5
2022_1362_1400,0.5
2022_1362_1403,0.5
2022_1362_1411,0.5
2022_1362_1412,0.5
2022_1362_1417,0.5
2022_1362_1425,0.5
2022_1362_1436,0.5
2022_1362_1437,0.5
2022_1362_1439,0.5
2022_1362_1458,0.5
2022_1362_1460,0.5
2022_1362_1461,0.5
2022_1362_1463,0.5
2022_1371_1388,0.5
2022_1371_1389,0.5
2022_1371_1394,0.5
2022_1371_1395,0.5
2022_1371_1397,0.5
2022_1371_1400,0.5
2022_1371_1403,0.5
2022_1371_1411,0.5
2022_1371_1412,0.5
2022_1371_1417,0.5
2022_1371_1425,0.5
2022_1371_1436,0.5
2022_1371_1437,0.5
2022_1371_1439,0.5
2022_1371_1458,0.5
2022_1371_1460,0.5
2022_1371_1461,0.5
2022_1371_1463,0.5
2022_1388_1389,0.5
2022_1388_1394,0.5
2022_1388_1395,0.5
2022_1388_1397,0.5
2022_1388_1400,0.5
2022_1388_1403,0.5
2022_1388_1411,0.5
2022_1388_1412,0.5
2022_1388_1417,0.5
2022_1388_1425,0.5
2022_1388_1436,0.5
2022_1388_1437,0.5
2022_1388_1439,0.5
2022_1388_1458,0.5
2022_1388_1460,0.5
2022_1388_1461,0.5
2022_1388_1463,0.5
2022_1389_1394,0.5
2022_1389_1395,0.5
2022_1389_1397,0.5
2022_1389_1400,0.5
2022_1389_1403,0.5
2022_1389_1411,0.5
2022_1389_1412,0.5
2022_1389_1417,0.5
2022_1389_1425,0.5
2022_1389_1436,0.5
2022_1389_1437,0.5
2022_1389_1439,0.5
2022_1389_1458,0.5
2022_1389_1460,0.5
2022_1389_1461,0.5
2022_1389_1463,0.5
2022_1394_1395,0.5
2022_1394_1397,0.5
2022_1394_1400,0.5
2022_1394_1403,0.5
2022_1394_1411,0.5
2022_1394_1412,0.5
2022_1394_1417,0.5
2022_1394_1425,0.5
2022_1394_1436,0.5
2022_1394_1437,0.5
2022_1394_1439,0.5
2022_1394_1458,0.5
2022_1394_1460,0.5
2022_1394_1461,0.5
2022_1394_1463,0.5
2022_1395_1397,0.5
2022_1395_1400,0.5
2022_1395_1403,0.5
2022_1395_1411,0.5
2022_1395_1412,0.5
2022_1395_1417,0.5
2022_1395_1425,0.5
2022_1395_1436,0.5
2022_1395_1437,0.5
2022_1395_1439,0.5
2022_1395_1458,0.5
2022_1395_1460,0.5
2022_1395_1461,0.5
2022_1395_1463,0.5
2022_1397_1400,0.5
2022_1397_1403,0.5
2022_1397_1411,0.5
2022_1397_1412,0.5
2022_1397_1417,0.5
2022_1397_1425,0.5
2022_1397_1436,0.5
2022_1397_1437,0.5
2022_1397_1439,0.5
2022_1397_1458,0.5
2022_1397_1460,0.5
2022_1397_1461,0.5
2022_1397_1463,0.5
2022_1400_1403,0.5
2022_1400_1411,0.5
2022_1400_1412,0.5
2022_1400_1417,0.5
2022_1400_1425,0.5
2022_1400_1436,0.5
2022_1400_1437,0.5
2022_1400_1439,0.5
2022_1400_1458,0.5
2022_1400_1460,0.5
2022_1400_1461,0.5
2022_1400_1463,0.5
2022_1403_1411,0.5
2022_1403_1412,0.5
2022_1403_1417,0.5
2022_1403_1425,0.5
2022_1403_1436,0.5
2022_1403_1437,0.5
2022_1403_1439,0.5
2022_1403_1458,0.5
2022_1403_1460,0.5
2022_1403_1461,0.5
2022_1403_1463,0.5
2022_1411_1412,0.5
2022_1411_1417,0.5
2022_1411_1425,0.5
2022_1411_1436,0.5
2022_1411_1437,0.5
2022_1411_1439,0.5
2022_1411_1458,0.5
2022_1411_1460,0.5
2022_1411_1461,0.5
2022_1411_1463,0.5
2022_1412_1417,0.5
2022_1412_1425,0.5
2022_1412_1436,0.5
2022_1412_1437,0.5
2022_1412_1439,0.5
2022_1412_1458,0.5
2022_1412_1460,0.5
2022_1412_1461,0.5
2022_1412_1463,0.5
2022_1417_1425,0.5
2022_1417_1436,0.5
2022_1417_1437,0.5
2022_1417_1439,0.5
2022_1417_1458,0.5
2022_1417_1460,0.5
2022_1417_1461,0.5
2022_1417_1463,0.5
2022_1425_1436,0.5
2022_1425_1437,0.5
2022_1425_1439,0.5
2022_1425_1458,0.5
2022_1425_1460,0.5
2022_1425_1461,0.5
2022_1425_1463,0.5
2022_1436_1437,0.5
2022_1436_1439,0.5
2022_1436_1458,0.5
2022_1436_1460,0.5
2022_1436_1461,0.5
2022_1436_1463,0.5
2022_1437_1439,0.5
2022_1437_1458,0.5
2022_1437_1460,0.5
2022_1437_1461,0.5
2022_1437_1463,0.5
2022_1439_1458,0.5
2022_1439_1460,0.5
2022_1439_1461,0.5
2022_1439_1463,0.5
2022_1458_1460,0.5
2022_1458_1461,0.5
2022_1458_1463,0.5
2022_1460_1461,0.5
2022_1460_1463,0.5
2022_1461_1463,0.5